"报价版本","quote-mtwdign1-xblxo","V4"
"版本状态","已过期，仅供内部核对，禁止对客交付"
"客户","森禾企业服务"
"方案","森禾 · 秋季团建服装方案"
"报价模式","备选报价 · 客户任选，各方案独立核算"
"报价日期","2026/9/11 11:05:11"
"有效至","2026/9/18 11:05:11"
"库存核对时间","2026/9/11 11:05:10"
"币种 / 税费","人民币 CNY / 含税销售价，不重复加税"
"数据说明","演示数据，仅用于原型评审"

"候选方案","品类档位","采购套数","SKU","商品名称","颜色","尺码","单位","采购数量","销售单价（元）","行金额（元）"
"1 品类 · 舒适优选","1","100","ZX-11-M","米杏珠地短袖 Polo","米杏","M","件","34","80.00","2720.00"
"1 品类 · 舒适优选","1","100","ZX-11-L","米杏珠地短袖 Polo","米杏","L","件","33","80.00","2640.00"
"1 品类 · 舒适优选","1","100","ZX-11-XL","米杏珠地短袖 Polo","米杏","XL","件","33","80.00","2640.00"
"1 品类 · 舒适优选","商品合计","8000.00"
"1 品类 · 舒适优选","优惠金额","400.00"
"1 品类 · 舒适优选","附加费用 / 运费（已含税 / 不再加税）","300.00"
"1 品类 · 舒适优选","对应应付","7900.00"
"1 品类 · 舒适优选","平均每套（含费用）","79.00"

"2 品类 · 舒适优选","2","100","ZX-11-M","米杏珠地短袖 Polo","米杏","M","件","34","80.00","2720.00"
"2 品类 · 舒适优选","2","100","ZX-11-L","米杏珠地短袖 Polo","米杏","L","件","33","80.00","2640.00"
"2 品类 · 舒适优选","2","100","ZX-11-XL","米杏珠地短袖 Polo","米杏","XL","件","33","80.00","2640.00"
"2 品类 · 舒适优选","2","100","ZX-12-M","苔绿直筒休闲裤","苔绿","M","件","34","60.00","2040.00"
"2 品类 · 舒适优选","2","100","ZX-12-L","苔绿直筒休闲裤","苔绿","L","件","33","60.00","1980.00"
"2 品类 · 舒适优选","2","100","ZX-12-XL","苔绿直筒休闲裤","苔绿","XL","件","33","60.00","1980.00"
"2 品类 · 舒适优选","商品合计","14000.00"
"2 品类 · 舒适优选","优惠金额","700.00"
"2 品类 · 舒适优选","附加费用 / 运费（已含税 / 不再加税）","300.00"
"2 品类 · 舒适优选","对应应付","13600.00"
"2 品类 · 舒适优选","平均每套（含费用）","136.00"

"3 品类 · 舒适优选","3","100","ZX-11-M","米杏珠地短袖 Polo","米杏","M","件","34","80.00","2720.00"
"3 品类 · 舒适优选","3","100","ZX-11-L","米杏珠地短袖 Polo","米杏","L","件","33","80.00","2640.00"
"3 品类 · 舒适优选","3","100","ZX-11-XL","米杏珠地短袖 Polo","米杏","XL","件","33","80.00","2640.00"
"3 品类 · 舒适优选","3","100","ZX-12-M","苔绿直筒休闲裤","苔绿","M","件","34","60.00","2040.00"
"3 品类 · 舒适优选","3","100","ZX-12-L","苔绿直筒休闲裤","苔绿","L","件","33","60.00","1980.00"
"3 品类 · 舒适优选","3","100","ZX-12-XL","苔绿直筒休闲裤","苔绿","XL","件","33","60.00","1980.00"
"3 品类 · 舒适优选","3","100","ZX-13-均码","苔绿简约棒球帽","苔绿","均码","顶","100","20.00","2000.00"
"3 品类 · 舒适优选","商品合计","16000.00"
"3 品类 · 舒适优选","优惠金额","800.00"
"3 品类 · 舒适优选","附加费用 / 运费（已含税 / 不再加税）","300.00"
"3 品类 · 舒适优选","对应应付","15500.00"
"3 品类 · 舒适优选","平均每套（含费用）","155.00"

"4 品类 · 舒适优选","4","100","ZX-11-M","米杏珠地短袖 Polo","米杏","M","件","34","80.00","2720.00"
"4 品类 · 舒适优选","4","100","ZX-11-L","米杏珠地短袖 Polo","米杏","L","件","33","80.00","2640.00"
"4 品类 · 舒适优选","4","100","ZX-11-XL","米杏珠地短袖 Polo","米杏","XL","件","33","80.00","2640.00"
"4 品类 · 舒适优选","4","100","ZX-12-M","苔绿直筒休闲裤","苔绿","M","件","34","60.00","2040.00"
"4 品类 · 舒适优选","4","100","ZX-12-L","苔绿直筒休闲裤","苔绿","L","件","33","60.00","1980.00"
"4 品类 · 舒适优选","4","100","ZX-12-XL","苔绿直筒休闲裤","苔绿","XL","件","33","60.00","1980.00"
"4 品类 · 舒适优选","4","100","ZX-13-均码","苔绿简约棒球帽","苔绿","均码","顶","100","20.00","2000.00"
"4 品类 · 舒适优选","4","100","ZX-14-39","米白轻量休闲鞋","米白","39","双","20","90.00","1800.00"
"4 品类 · 舒适优选","4","100","ZX-14-40","米白轻量休闲鞋","米白","40","双","20","90.00","1800.00"
"4 品类 · 舒适优选","4","100","ZX-14-41","米白轻量休闲鞋","米白","41","双","20","90.00","1800.00"
"4 品类 · 舒适优选","4","100","ZX-14-42","米白轻量休闲鞋","米白","42","双","20","90.00","1800.00"
"4 品类 · 舒适优选","4","100","ZX-14-43","米白轻量休闲鞋","米白","43","双","20","90.00","1800.00"
"4 品类 · 舒适优选","商品合计","25000.00"
"4 品类 · 舒适优选","优惠金额","1250.00"
"4 品类 · 舒适优选","附加费用 / 运费（已含税 / 不再加税）","300.00"
"4 品类 · 舒适优选","对应应付","24050.00"
"4 品类 · 舒适优选","平均每套（含费用）","240.50"

"对客备注","现货报价，以订单确认时库存为准。"
"联系方式","销售顾问 林亦（示例）","400-000-0000"