"旧路径","新路径","类型","迁移前SHA-256"
"文档/项目/01-生产排程与车间调度/产品/产品需求文档.md","文档/项目/生产排产项目/产品/产品需求文档.md","document","2f52193733cbdbb4557e58d3e5426e849d0462302250f21bb3ad7c7ef9660a01"
"文档/项目/01-生产排程与车间调度/原始需求/生产排产系统需求文档_PRD_V1.0.docx","文档/项目/生产排产项目/原始需求/生产排产系统原始需求-第一版.docx","document","2d7e844e20a0f841e08083fe36fdf60371385ca08300f9d7a1d79d31172749c0"
"文档/项目/01-生产排程与车间调度/开发记录/2026-09-11-生产排程数据库46表收敛.md","文档/项目/生产排产项目/开发记录/2026-09-11-生产排程数据库46表收敛.md","document","0d566166015324b13e7075f67c6b6ea9ef21b72599a8938d89176555e51d7626"
"文档/项目/01-生产排程与车间调度/归档/check-aps-database-design-62-tables.cjs","文档/项目/生产排产项目/归档/架构/证据/生产排产数据库设计检查-62表.cjs","document","058033e9232a6142e2935cfedcfe71b5a9f3080cf71646a85ef56eed0e73d294"
"文档/项目/01-生产排程与车间调度/归档/database-design-check-results-62-tables.json","文档/项目/生产排产项目/归档/架构/证据/数据库设计检查结果-62表.json","document","eb76cafbfde0ef94788b95a69a2b6e2b0e11274056e2424068a9f3fb0ab38f5c"
"文档/项目/01-生产排程与车间调度/归档/数据库设计-62表草案.md","文档/项目/生产排产项目/归档/架构/数据库设计-62表草案.md","document","bbcdac516bd6bca926e93e7f9682903799c03e5ffc15c2417abb0c2ca377185f"
"文档/项目/01-生产排程与车间调度/归档/数据库设计验证记录-62表.md","文档/项目/生产排产项目/归档/架构/证据/数据库设计验证记录-62表.md","document","355ce5ec9d444c027892127a5cd458c9f318b3f8276fa90989438951c9a4968d"
"文档/项目/01-生产排程与车间调度/架构/APS排程引擎需求与技术设计.md","文档/项目/生产排产项目/架构/APS排程引擎需求与技术设计.md","document","2d3b447254d9e8ef420284f433d7b14b366836cddaf14379f6e81607f36b6a9a"
"文档/项目/01-生产排程与车间调度/架构/database-design-check-results.json","文档/项目/生产排产项目/架构/证据/数据库设计检查结果.json","document","f75cfa1409a8ba33647f53b94aae94ddb990354862ee6f7705002e9558a908a7"
"文档/项目/01-生产排程与车间调度/架构/数据库设计.md","文档/项目/生产排产项目/架构/数据库设计.md","document","c576ce7a3f7cea397670f020e02a556fe0eb80c86d93134295dc91a3872e4eae"
"文档/项目/01-生产排程与车间调度/架构/数据库设计验证记录.md","文档/项目/生产排产项目/架构/证据/数据库设计验证记录.md","document","e6f535bf75c2a5db244d7ae891476d7e92b2ac1b4ab2258dede0d3a0fb43dd68"
"文档/项目/01-生产排程与车间调度/架构/甘特图组件选型决策.md","文档/项目/生产排产项目/决策/甘特图组件选型决策.md","document","aef7567e78673ebc62408710472879c8caa8418a4981c7edd893bfe55de5ce92"
"文档/项目/01-生产排程与车间调度/架构/生产排程数据库基线草案.sql","文档/项目/生产排产项目/架构/生产排程数据库基线草案.sql","document","09017ed273b27c597b6d588a0f4b85dba189037d31019209b4270c272442b4e7"
"文档/项目/01-生产排程与车间调度/调研/APS排程引擎技术调研.md","文档/项目/生产排产项目/调研/APS排程引擎技术调研.md","document","9eadc8b23d7cd5ee8d3b102503de9b1a90e31600589b7c093154f33060263401"
"文档/项目/01-生产排程与车间调度/调研/工序与资源调研.md","文档/项目/生产排产项目/调研/工序与资源调研.md","document","559201d816f3414d513929ccd3154105c63237553bc962864f0b8f3613d8c9f3"
"文档/项目/01-生产排程与车间调度/调研/市场与竞品调研.md","文档/项目/生产排产项目/调研/市场与竞品调研.md","document","a04305e38422cec0fa0b762ce20c4d587e8b717298f170fe833fae546dbc1e59"
"文档/项目/02-Aden桌面智能执行平台/README.md","文档/项目/智能体桌面端项目/README.md","document","6450df12539169ea1a0b6ddd88fdfde7c22a2490f9c8acdb295f041ad1e0205d"
"文档/项目/02-Aden桌面智能执行平台/产品/产品需求文档.md","文档/项目/智能体桌面端项目/产品/产品需求文档.md","document","653e4914ceb79af23ef42f5a267416403e1c492491e59ee7ab2afdbde7b59f94"
"文档/项目/02-Aden桌面智能执行平台/产品/采购询价原型.md","文档/项目/智能体桌面端项目/原型/采购询价原型设计.md","document","6a9d6cff49db8d07d77c49f33be3c68fc09516907c1e6e6f852bbe5bae17c986"
"文档/项目/02-Aden桌面智能执行平台/产品/验证记录.md","文档/项目/智能体桌面端项目/原型/采购询价原型验证记录.md","document","ccbc23475f7387cc9e65fde45b470463dc59cdcb644467da52011bb5c7ccdd37"
"文档/项目/02-Aden桌面智能执行平台/功能/FEAT-ADEN-001-桌面执行底座/README.md","文档/项目/智能体桌面端项目/功能/FEAT-ADEN-001-桌面执行底座/README.md","document","4d19d0ef8f61adcda19007678d2bf3bd37b953cee0eedda322fc57880c22abb2"
"文档/项目/02-Aden桌面智能执行平台/功能/FEAT-ADEN-001-桌面执行底座/功能规格.md","文档/项目/智能体桌面端项目/功能/FEAT-ADEN-001-桌面执行底座/功能规格.md","document","215fa37e7362b9aee2773b3b6334b371597a41f668ab9a27fe81870a142e64e2"
"文档/项目/02-Aden桌面智能执行平台/功能/FEAT-ADEN-001-桌面执行底座/技术设计.md","文档/项目/智能体桌面端项目/功能/FEAT-ADEN-001-桌面执行底座/技术设计.md","document","637ae17babe80f81b139d8bf9f13b58cbc8e8738b4a90f2dccbe279d576252ea"
"文档/项目/02-Aden桌面智能执行平台/原始需求/Aden_Agent桌面智能执行平台_PRD_V1.0.docx","文档/项目/智能体桌面端项目/原始需求/智能体桌面端原始需求-第一版.docx","document","ca711be589dfa1c46da88583f04c0a3b494ff1d4ae26985dad22989218b8ead0"
"文档/项目/02-Aden桌面智能执行平台/架构/技术架构设计.md","文档/项目/智能体桌面端项目/归档/架构/基于Python的多智能体架构候选.md","document","c7b8b771a8c094723b0f2617d57e491d9274b186a0463f038bafb11022fdf38d"
"文档/项目/02-Aden桌面智能执行平台/调研/2026-09-11-行业机会调研.md","文档/项目/智能体桌面端项目/调研/2026-09-11-行业机会调研.md","document","667307c211e6916f64dd73ace51a4b09225cd888bbff307128b1805db503cc92"
"文档/项目/02-Aden桌面智能执行平台/调研/市场与竞品调研.md","文档/项目/智能体桌面端项目/调研/市场与竞品调研.md","document","070f820f1e6a95b16f5def7d3273305ec006656996966f01e96764f3774e04da"
"文档/项目/02-Aden桌面智能执行平台/调研/采购专题调研.md","文档/项目/智能体桌面端项目/调研/采购专题调研.md","document","cdedafa2be06c2bd7507f3c3b41fb6c8d9e3e9f81f2588d9ab9dd30778981d72"
"文档/项目/03-服装智能选品与报价/README.md","文档/项目/智能选品项目/README.md","document","807e1f03699248c7c4102e60f3077319fed11e49f6e088b4de209757e3ba3776"
"文档/项目/03-服装智能选品与报价/产品/产品需求文档.md","文档/项目/智能选品项目/产品/产品需求文档.md","document","4f08727c1b9bbd5db6c5cacc7f1b105d08bbff5f81831b74884df82c85615138"
"文档/项目/03-服装智能选品与报价/产品/数据库设计.md","文档/项目/智能选品项目/架构/数据库设计.md","document","dbb18862af95d97ac89fa32cd7856c8d13725ed2269480c734214c1d08a2ee4c"
"文档/项目/03-服装智能选品与报价/产品/设计与实施任务.md","文档/项目/智能选品项目/原型/服装工作台原型设计与生产任务转交.md","document","bf2943eb42c49e8db9fd282666d88975710d75f076464ba934fad21c45744eaa"
"文档/项目/03-服装智能选品与报价/产品/验证记录.md","文档/项目/智能选品项目/原型/服装工作台原型验证记录.md","document","5f17efed2d4996bb6de7658ee6f8e832a649153c0f49095cb6c90b8558f3cdba"
"文档/项目/03-服装智能选品与报价/决策/PROJ-FASHION-003-工程与AI边界决策.md","文档/项目/智能选品项目/决策/PROJ-FASHION-003-工程与AI边界决策.md","document","d48f1fd8d46096ddef718fa264d88c4d6ab0f3e3b3a75b7637a2da1d17677d97"
"文档/项目/03-服装智能选品与报价/功能/FEAT-FASHION-001-服装智能选品生产首版/README.md","文档/项目/智能选品项目/功能/FEAT-FASHION-001-服装智能选品生产首版/README.md","document","325142977e571487f5499719f38e472585ab6202517833e4979ead52b6fab09c"
"文档/项目/03-服装智能选品与报价/功能/FEAT-FASHION-001-服装智能选品生产首版/任务清单.md","文档/项目/智能选品项目/功能/FEAT-FASHION-001-服装智能选品生产首版/任务清单.md","document","9ad9972527d8975c073a6e82f7c803ff4c75ff5f1726012eaf33740c3c29ef89"
"文档/项目/03-服装智能选品与报价/功能/FEAT-FASHION-001-服装智能选品生产首版/功能规格.md","文档/项目/智能选品项目/功能/FEAT-FASHION-001-服装智能选品生产首版/功能规格.md","document","c55e0d816aa04e32dd7b14bbc66858c1a12a8f5fa00f956dbbcf6efaa1dc7e83"
"文档/项目/03-服装智能选品与报价/功能/FEAT-FASHION-001-服装智能选品生产首版/技术设计.md","文档/项目/智能选品项目/功能/FEAT-FASHION-001-服装智能选品生产首版/技术设计.md","document","950f5591a08a818342af6414386d1aa90e0539a9e9005272aa6d717856a7c80a"
"文档/项目/03-服装智能选品与报价/功能/FEAT-FASHION-001-服装智能选品生产首版/验收记录.md","文档/项目/智能选品项目/功能/FEAT-FASHION-001-服装智能选品生产首版/验收记录.md","document","05713d15f279b8a3421f3a6809fc5853367d607392903a6790c28dc0c2929abb"
"文档/项目/03-服装智能选品与报价/功能/FEAT-FASHION-001-服装智能选品生产首版/验证记录.md","文档/项目/智能选品项目/功能/FEAT-FASHION-001-服装智能选品生产首版/验证记录.md","document","30bfb5953548e6fcd774d6ca3073ff63deb1ef7a67baff06e6a0fe5026aaa76c"
"文档/项目/03-服装智能选品与报价/原始需求/AI服装智能搭配与报价系统_需求文档.docx","文档/项目/智能选品项目/原始需求/智能选品项目原始需求.docx","document","24fc574f9c25645bd6b5eff3483321df918b817b9894fcc2f1ebe8818b585f2e"
"文档/项目/03-服装智能选品与报价/归档/数据库设计-v1.md","文档/项目/智能选品项目/归档/架构/数据库设计-第一版.md","document","0eb9786d8a6640e86169a991f56eb078176a5ea0f51a333f2e7b15895e9a1053"
"文档/项目/03-服装智能选品与报价/架构/Python-Agent架构设计.md","文档/项目/智能选品项目/架构/Python智能体架构设计.md","document","58c1c7df4872b2fd32c35577e89f976f9272874ae2da197799ed4418af85550b"
"文档/项目/03-服装智能选品与报价/架构/技术架构设计.md","文档/项目/智能选品项目/架构/技术架构设计.md","document","b9ee6b4925eb96448588e97d8a608ae77bf9d5960980704f8cdb9bd66f1e0072"
"文档/项目/03-服装智能选品与报价/调研/2026-09-11-Python-Agent框架与生产架构调研.md","文档/项目/智能选品项目/调研/2026-09-11-Python智能体框架与生产架构调研.md","document","9638a2435fb27ac04ba6995c8c66ba26cbc4339209d2f74d1080fdbcd486a0f7"
"文档/项目/03-服装智能选品与报价/调研/2026-09-11-专项市场调研.md","文档/项目/智能选品项目/调研/2026-09-11-专项市场调研.md","document","6657365e4e1b71a0664f053b91b073d851598313980d689b6d0b03ba3d704e33"
"文档/项目/03-服装智能选品与报价/调研/市场与竞品调研.md","文档/项目/智能选品项目/调研/市场与竞品调研.md","document","7e84f03e346ebb1964319e50dde7ee2480cc91e20e272b5ff045f2442cebe9d2"
"文档/项目/AI面试教练/产品/README.md","文档/项目/面试项目/产品/README.md","document","6656c45ee58401ad1d5f023bae378e00947d572d0a184c528038426fba5d13b4"
"文档/项目/AI面试教练/产品/产品需求文档.md","文档/项目/面试项目/产品/产品需求文档.md","document","a6875e9b237b4945a13dcc6e20b46829815db35c0f4ba22f8219bf0b99cc6425"
"文档/项目/AI面试教练/产品/模拟面试流程规格.md","文档/项目/面试项目/产品/模拟面试流程规格.md","document","6b155e0d2fd7dfa6b69ace67e83425153d554d29f01633093b895ae7307e35ff"
"文档/项目/AI面试教练/产品/界面改版与视觉验收规格.md","文档/项目/面试项目/产品/界面改版与视觉验收规格.md","document","b9d36aadfe5baa9b703af56568e1fbc0ee4678345dbc72b732983b0dbe7680b7"
"文档/项目/AI面试教练/产品/语音面试页/语音面试三栏原型-v2.html","文档/项目/面试项目/产品/语音面试页/语音面试三栏原型-v2.html","document","3ed96df59a76eb150529cc0a352e7d60ee9cb19d44ddcd86ffe9527d1fd8162b"
"文档/项目/AI面试教练/产品/语音面试页/语音面试交互规格.md","文档/项目/面试项目/产品/语音面试页/语音面试交互规格.md","document","07bf0a4df6ab13df00e64d58c20fccc1adab67e17964d35f58691a8a53a95e9f"
"文档/项目/AI面试教练/产品/面试教练与题库调研.md","文档/项目/面试项目/产品/面试教练与题库调研.md","document","030df435a65b88df6f9e7c3a79d2396d0eee0396ae6a164a9d4398454209b7d7"
"文档/项目/AI面试教练/产品/题库内容与质量规格.md","文档/项目/面试项目/产品/题库内容与质量规格.md","document","e48c31957482265bec2172bce443a27aacfc9016640355beff95b177fa1239df"
"文档/项目/AI面试教练/决策/决策登记表.md","文档/项目/面试项目/决策/决策登记表.md","document","0db1fbfb28b78c50a228462d3ec8f9fc8f826ed5faef460b36afa57db9737cb8"
"文档/项目/AI面试教练/功能/FEAT-INTERVIEW-001-AI面试教练/README.md","文档/项目/面试项目/功能/FEAT-INTERVIEW-001-AI面试教练/README.md","document","e428bbe7a1a83543fb666d27c30c2e4b831129f21d73df5fd0de6f1a5a12d447"
"文档/项目/AI面试教练/功能/FEAT-INTERVIEW-001-AI面试教练/任务清单.md","文档/项目/面试项目/归档/功能/FEAT-INTERVIEW-001-AI面试教练/旧版任务清单.md","document","26a6e331a5297247eb4e9a3b9a312e65d5675e087efbed22eec9ae41d19412ac"
"文档/项目/AI面试教练/功能/FEAT-INTERVIEW-002-商业邀测/README.md","文档/项目/面试项目/功能/FEAT-INTERVIEW-002-商业邀测/README.md","document","72605f7fa09e306054c73fc4eb3f4e82d755f90b213cf598559dae14e5253fd7"
"文档/项目/AI面试教练/功能/FEAT-INTERVIEW-002-商业邀测/交互原型.md","文档/项目/面试项目/功能/FEAT-INTERVIEW-002-商业邀测/交互原型.md","document","35527c0215792df03642ccbe129221430f794d92a224b4723d0517ac077528bd"
"文档/项目/AI面试教练/功能/FEAT-INTERVIEW-002-商业邀测/任务清单.md","文档/项目/面试项目/功能/FEAT-INTERVIEW-002-商业邀测/任务清单.md","document","03f7b815f0ea485b82c46167905a1c8bf825de2bdc815678cea9810a2182295c"
"文档/项目/AI面试教练/功能/FEAT-INTERVIEW-002-商业邀测/功能规格.md","文档/项目/面试项目/功能/FEAT-INTERVIEW-002-商业邀测/功能规格.md","document","5edb8fdaa76a03e0f8e6f2659987a1d0c6c2f8aaf8ea237e84801d58d985ebdc"
"文档/项目/AI面试教练/功能/FEAT-INTERVIEW-002-商业邀测/契约/asyncapi.json","文档/项目/面试项目/功能/FEAT-INTERVIEW-002-商业邀测/契约/asyncapi.json","document","b08bd5d13e7307f95de3c99fb2ef6062f2004f5c422c03f4f8f4e8559f3ae33d"
"文档/项目/AI面试教练/功能/FEAT-INTERVIEW-002-商业邀测/契约/openapi.json","文档/项目/面试项目/功能/FEAT-INTERVIEW-002-商业邀测/契约/openapi.json","document","ea32912909dac7d4d0cf6c296c19ae51237113ad71062c7b94a07955588b0731"
"文档/项目/AI面试教练/功能/FEAT-INTERVIEW-002-商业邀测/契约/schemas.json","文档/项目/面试项目/功能/FEAT-INTERVIEW-002-商业邀测/契约/schemas.json","document","f0d131172144ab7409e5e15720661e0040dbf0717fad0612ad45258e10d4084e"
"文档/项目/AI面试教练/功能/FEAT-INTERVIEW-002-商业邀测/技术设计.md","文档/项目/面试项目/功能/FEAT-INTERVIEW-002-商业邀测/技术设计.md","document","c6a72785cbb8aa0aad50e32b3733c57a0aba6901b70f582fa2cedf3f79dcb9ee"
"文档/项目/AI面试教练/功能/FEAT-INTERVIEW-002-商业邀测/证据/asr-provider-probe.json","文档/项目/面试项目/功能/FEAT-INTERVIEW-002-商业邀测/证据/asr-provider-probe.json","document","e31b6ba7ba6f2c42ff21cd94d479783f493eeae22275608d8faaa40b92ae08da"
"文档/项目/AI面试教练/功能/FEAT-INTERVIEW-002-商业邀测/证据/contract-checks-final.json","文档/项目/面试项目/功能/FEAT-INTERVIEW-002-商业邀测/证据/contract-checks-final.json","document","d2707711b9dd5272b700869c40adcbee7128a2b76d4e6efa6da13ef7759572d9"
"文档/项目/AI面试教练/功能/FEAT-INTERVIEW-002-商业邀测/证据/contract-checks.json","文档/项目/面试项目/功能/FEAT-INTERVIEW-002-商业邀测/证据/contract-checks.json","document","0595328e3c84b0790d8cd84170768df10d9ba5f5d1adc36fb4016c8803f37f61"
"文档/项目/AI面试教练/功能/FEAT-INTERVIEW-002-商业邀测/证据/document-checks.json","文档/项目/面试项目/功能/FEAT-INTERVIEW-002-商业邀测/证据/document-checks.json","document","69630484e18b77761becc052792ba708e724f9f9200a77d0b4cd20a8e6e735ac"
"文档/项目/AI面试教练/功能/FEAT-INTERVIEW-002-商业邀测/证据/tts-provider-probe.json","文档/项目/面试项目/功能/FEAT-INTERVIEW-002-商业邀测/证据/tts-provider-probe.json","document","f99cde51add7166ee01098eaafc5fe0d7cc3f28404f003e5f284efee886dd6fe"
"文档/项目/AI面试教练/功能/FEAT-INTERVIEW-002-商业邀测/证据/验证报告.html","文档/项目/面试项目/功能/FEAT-INTERVIEW-002-商业邀测/证据/验证报告.html","document","e3dffa8ba53664c973a0a1433676ddb4f352dd4aa2df5463c476d06f2fe050c5"
"文档/项目/AI面试教练/功能/FEAT-INTERVIEW-002-商业邀测/验收记录.md","文档/项目/面试项目/功能/FEAT-INTERVIEW-002-商业邀测/验收记录.md","document","77f2d26340e1e2902b4b894a215e11668393baca9750a0b79da5ba8182db4b03"
"文档/项目/AI面试教练/功能/FEAT-INTERVIEW-002-商业邀测/验证记录.md","文档/项目/面试项目/功能/FEAT-INTERVIEW-002-商业邀测/验证记录.md","document","9dbe125b74ef6372c33ee38eb8f69fe66cb6d3770b6c0dd1a8acf40533dba07c"
"文档/项目/AI面试教练/功能/FEAT-QBANK-001-公共题库/README.md","文档/项目/面试项目/功能/FEAT-QBANK-001-公共题库/README.md","document","f20cd9cfb7e2fe04211d9b4a876bd8b0b4db536f06167803c93da20ecfab70f8"
"文档/项目/AI面试教练/功能/FEAT-QBANK-001-公共题库/任务清单.md","文档/项目/面试项目/功能/FEAT-QBANK-001-公共题库/任务清单.md","document","8c6a9c2f04a61f943a534df7aa038016dffebc4a381e6a7b76388e7186f2b720"
"文档/项目/AI面试教练/功能/FEAT-QBANK-001-公共题库/功能规格.md","文档/项目/面试项目/功能/FEAT-QBANK-001-公共题库/功能规格.md","document","267a8efcff91fc21e7887519580afa017cb1f7be4229bac5f0a903f4003a5069"
"文档/项目/AI面试教练/功能/FEAT-QBANK-001-公共题库/技术设计.md","文档/项目/面试项目/功能/FEAT-QBANK-001-公共题库/技术设计.md","document","45c34e3ae8bc1c71a968c5f337b1fbb0fa1eae14608ede808bf749038de59103"
"文档/项目/AI面试教练/功能/FEAT-QBANK-001-公共题库/证据/验证报告.html","文档/项目/面试项目/功能/FEAT-QBANK-001-公共题库/证据/验证报告.html","document","d6a570db583b040a8ba6fd388737d2dc46e957dc99e6c882e052f77bac534479"
"文档/项目/AI面试教练/功能/FEAT-QBANK-001-公共题库/验收记录.md","文档/项目/面试项目/功能/FEAT-QBANK-001-公共题库/验收记录.md","document","7ff873fe8b631b051a8d028ad7edb18e0ef951e60c5f03b62eeaae045f443e8b"
"文档/项目/AI面试教练/功能/FEAT-QBANK-001-公共题库/验证记录.md","文档/项目/面试项目/功能/FEAT-QBANK-001-公共题库/验证记录.md","document","defd11dad6f886f83a9ddd81c11fc4bb27c18af7406471d8d8cac1ec541babc3"
"文档/项目/AI面试教练/功能/FEAT-RUOYI-PORTAL-LOGIN-001-门户登录/README.md","文档/项目/面试项目/功能/FEAT-RUOYI-PORTAL-LOGIN-001-门户登录/README.md","document","bb7895f6a43fedb50acad6dd130aa8e4a09c348e9764c1b309fd50dd4d448dd7"
"文档/项目/AI面试教练/功能/FEAT-RUOYI-PORTAL-LOGIN-001-门户登录/任务清单.md","文档/项目/面试项目/功能/FEAT-RUOYI-PORTAL-LOGIN-001-门户登录/任务清单.md","document","dda143c825068adff7c421d8c508f64e73a676bd00ec7a68321d0d944312f6f6"
"文档/项目/AI面试教练/功能/FEAT-RUOYI-PORTAL-LOGIN-001-门户登录/验收记录.md","文档/项目/面试项目/功能/FEAT-RUOYI-PORTAL-LOGIN-001-门户登录/验收记录.md","document","2cda0758014f05da7be475dd0c4fb5ed87d03628acfc4fa6626b7870bd07a966"
"文档/项目/AI面试教练/功能/FEAT-RUOYI-PORTAL-LOGIN-001-门户登录/验证报告.html","文档/项目/面试项目/功能/FEAT-RUOYI-PORTAL-LOGIN-001-门户登录/验证报告.html","document","48215747f601a4df4c409e5835fdd4170e7aecefffd0191974c701f2bcc94369"
"文档/项目/AI面试教练/功能/FEAT-RUOYI-PORTAL-LOGIN-001-门户登录/验证记录.md","文档/项目/面试项目/功能/FEAT-RUOYI-PORTAL-LOGIN-001-门户登录/验证记录.md","document","f3a6cd6858d59225f2ba2d12fc26ce5acd927a86a21e3c31635d48c66b222af9"
"文档/项目/AI面试教练/功能/README.md","文档/项目/面试项目/功能/README.md","document","d4090fc91463a4a7eff7e971ab2a0c36cb00b3dfd3a8f9ccb7255b84f445170f"
"文档/项目/AI面试教练/参考/README.md","文档/项目/面试项目/参考/README.md","document","75bf0c50fd3a2dadea27d788f60c71c303fa957a5b521d3f3f4958d38f2ee4ff"
"文档/项目/AI面试教练/开发记录/2026-08-02-基础建设-批次01.md","文档/项目/面试项目/开发记录/2026-08-02-基础建设-批次01.md","document","3809552e5c6147b8090e5aa4a08c3d9b142f3b65bad3f9841ed7f9b98b1a2bb2"
"文档/项目/AI面试教练/开发记录/2026-08-03-产品文档合并与批次03控制.md","文档/项目/面试项目/开发记录/2026-08-03-产品文档合并与批次03控制.md","document","db1147047271256cceceb1efcd40b139d3524e8fefdecb023724c34b97aa9878"
"文档/项目/AI面试教练/开发记录/2026-08-03-持久化与可靠事件流-批次03.md","文档/项目/面试项目/开发记录/2026-08-03-持久化与可靠事件流-批次03.md","document","704b67caa00123466eaf643752328efafab99ab043556d487e9ff2ac833cbea4"
"文档/项目/AI面试教练/开发记录/2026-08-03-核心应用边界收口.md","文档/项目/面试项目/开发记录/2026-08-03-核心应用边界收口.md","document","d66f2ac7ca5796b1056daf7489be8f35d14174b26986974000525778890965d6"
"文档/项目/AI面试教练/开发记录/2026-08-03-评测与学习-批次03.md","文档/项目/面试项目/开发记录/2026-08-03-评测与学习-批次03.md","document","c839edd7451fa3d52fb5f73e20d8e4e29a2b2aa4e0a5b8d2854536b9e58080a7"
"文档/项目/AI面试教练/开发记录/2026-08-09-服务商适配器批次.md","文档/项目/面试项目/开发记录/2026-08-09-服务商适配器批次.md","document","eabb8382c31ac2f9772083f60b04e8a69df4cafbb1af83f55f60b1105b45a25d"
"文档/项目/AI面试教练/开发记录/2026-08-16-若依收敛-批次01.md","文档/项目/面试项目/开发记录/若依集成/2026-08-16-若依收敛-批次01.md","document","d1fbc98366f6fe6d5fc6828d9bcf9dfce5123bc13f9fb529929fc37e8d324a71"
"文档/项目/AI面试教练/开发记录/2026-08-16-若依迁移-批次01.md","文档/项目/面试项目/开发记录/若依集成/2026-08-16-若依迁移-批次01.md","document","3ef0f93b3dc0d405cd214ce80444abd3dbb8614126f8652dca75eec4f91185eb"
"文档/项目/AI面试教练/开发记录/2026-08-23-若依收敛-批次02.md","文档/项目/面试项目/开发记录/若依集成/2026-08-23-若依收敛-批次02.md","document","68df83dbcb73ae2ce181715a18d58366e6ad8adf92a9207a9ea75a089e33318b"
"文档/项目/AI面试教练/开发记录/2026-08-23-若依语音运行链路收口.md","文档/项目/面试项目/开发记录/若依集成/2026-08-23-若依语音运行链路收口.md","document","b7f22ca71976eeb7ed1f0f4572940c3386656c73e49f1ff7eacb7b95e05dca3f"
"文档/项目/AI面试教练/开发记录/2026-08-23-若依语音面试迁移.md","文档/项目/面试项目/开发记录/若依集成/2026-08-23-若依语音面试迁移.md","document","0ebe965cdfcbc0ee1ffeb10b645eaaabcd431f061da4e709ca32919668eadb3e"
"文档/项目/AI面试教练/开发记录/2026-08-29-若依V2实现.md","文档/项目/面试项目/开发记录/若依集成/2026-08-29-若依V2实现.md","document","8178a53bc7651f4b8a6b034639e76ca42962a545df6e655ea2fe3d3545d10e14"
"文档/项目/AI面试教练/开发记录/2026-08-30-应用工程根目录收敛.md","文档/开发记录/2026-08-30-应用工程根目录收敛.md","document","cf755f0cf2cb75583dcac4e9408f59fdbc15ca8a39e2605023791c4208fbcc15"
"文档/项目/AI面试教练/开发记录/2026-08-30-旧项目收敛.md","文档/开发记录/2026-08-30-旧项目收敛.md","document","adc66b107d2f0d5e171bd4d8ea402d5189cc81023acb7b2476270c34708d48bd"
"文档/项目/AI面试教练/归档/产品/产品需求文档-v0.2.md","文档/项目/面试项目/归档/产品/产品需求文档-v0.2.md","document","0acbbf0280579dba00620e3510c3a1983d94051ae8aeb076c498e2010f7b7c83"
"文档/项目/AI面试教练/归档/功能/FEAT-RUOYI-LOGIN-001-首页登录/README.md","文档/项目/面试项目/归档/功能/FEAT-RUOYI-LOGIN-001-首页登录/README.md","document","dfd942444cf1e9afd012d9efb71fb5a267e5f37dd6b3bffb1d5d81530d42e950"
"文档/项目/AI面试教练/归档/功能/FEAT-RUOYI-LOGIN-001-首页登录/任务清单.md","文档/项目/面试项目/归档/功能/FEAT-RUOYI-LOGIN-001-首页登录/任务清单.md","document","067c68cca923e7dd6a6f3a246a12d7202cca211f1822e25b84cb0e332525e643"
"文档/项目/AI面试教练/归档/功能/FEAT-RUOYI-LOGIN-001-首页登录/功能规格.md","文档/项目/面试项目/归档/功能/FEAT-RUOYI-LOGIN-001-首页登录/功能规格.md","document","7db86b94fdb4ac1d83f46207ba02aa84036362aeced5bad3ed3308b5f4f02092"
"文档/项目/AI面试教练/归档/功能/FEAT-RUOYI-LOGIN-001-首页登录/技术设计.md","文档/项目/面试项目/归档/功能/FEAT-RUOYI-LOGIN-001-首页登录/技术设计.md","document","dfc0e3f8b6b4f3080bb1e785aa5f35b48dd59e43f4c2ba207cb50ab649f12c44"
"文档/项目/AI面试教练/归档/功能/FEAT-RUOYI-LOGIN-001-首页登录/验收记录.md","文档/项目/面试项目/归档/功能/FEAT-RUOYI-LOGIN-001-首页登录/验收记录.md","document","a2091dd2f5f2cfa29449112cd6e23608c78754a92d780f79f7cb5b4e5f68a0e5"
"文档/项目/AI面试教练/归档/功能/FEAT-RUOYI-LOGIN-001-首页登录/验证报告.html","文档/项目/面试项目/归档/功能/FEAT-RUOYI-LOGIN-001-首页登录/验证报告.html","document","2e6e486fd21039c23d14ac798159f1dc9c7f5ad9d57e8ec39a701a3dca423264"
"文档/项目/AI面试教练/归档/功能/FEAT-RUOYI-LOGIN-001-首页登录/验证记录.md","文档/项目/面试项目/归档/功能/FEAT-RUOYI-LOGIN-001-首页登录/验证记录.md","document","8ba4d7ebe71ce6357821e8c76a480d63732a6309623a1264ad9ac90c38f613cb"
"文档/项目/AI面试教练/归档/原型/FEAT-INTERVIEW-001-面试教练原型/原型状态矩阵.md","文档/项目/面试项目/归档/原型/FEAT-INTERVIEW-001-面试教练原型/原型状态矩阵.md","document","2db96eca613812bb638f4c3d878d3a453e3a3ca55dfa08f02eb7132fceefca6e"
"文档/项目/AI面试教练/归档/原型/FEAT-INTERVIEW-001-面试教练原型/原型评审就绪审查.md","文档/项目/面试项目/归档/原型/FEAT-INTERVIEW-001-面试教练原型/原型评审就绪审查.md","document","2afc41735050dae18a4bdc6f2e196acf5d8deca79a8ffc0607711a4d0d3b30b1"
"文档/项目/AI面试教练/归档/原型/FEAT-INTERVIEW-001-面试教练原型/探索性原型审计.md","文档/项目/面试项目/归档/原型/FEAT-INTERVIEW-001-面试教练原型/探索性原型审计.md","document","e794b3ba1da45f6b7c121311554bc483212e9247224879c801c445bef45e2051"
"文档/项目/AI面试教练/归档/参考/最小可行产品迁移状态与待办.md","文档/项目/面试项目/归档/参考/最小可行产品迁移状态与待办.md","document","5fb666bd30f08a7d578e3079fe71c5bb6dcc22947bbbbc20bad3e2a4c71ad01d"
"文档/项目/AI面试教练/归档/参考/模块边界与源码参考.md","文档/项目/面试项目/归档/参考/模块边界与源码参考.md","document","c4fb7192ee058430317139674a65c30c3a1095bcf457c793b9ede075f7f9e1e8"
"文档/项目/AI面试教练/归档/参考/登录与注册实现参考.md","文档/项目/面试项目/归档/参考/登录与注册实现参考.md","document","41d032762acd241b62b7aa4173758f0c9ac03c60079e6bf185eece24fcc8e847"
"文档/项目/AI面试教练/归档/参考/配置与安全默认值.md","文档/项目/面试项目/归档/参考/配置与安全默认值.md","document","204b947144bc9580efba4cedd263ba97b7557610a680ad89ed5f38ead5e53158"
"文档/项目/AI面试教练/归档/架构/代码落地就绪审查.md","文档/项目/面试项目/归档/架构/代码落地就绪审查.md","document","74a50b04eb451864fb8b105bf6504ff5767c37a70c72e5dc1a9269a74e7a04ee"
"文档/项目/AI面试教练/归档/架构/实施技术契约候选包.md","文档/项目/面试项目/归档/架构/实施技术契约候选包.md","document","df26e84465d1412b5e2ed5261e84c9901c000f4e85f0a4046d0a076dacfc40a1"
"文档/项目/AI面试教练/归档/架构/技术架构.md","文档/项目/面试项目/归档/架构/技术架构.md","document","1eeb445ae2fca5f93c56c15690374be7ff5fdae919fa59f44e9edeb563158543"
"文档/项目/AI面试教练/归档/架构/若依完整代码落地与迁移基线.md","文档/项目/面试项目/归档/架构/若依完整代码落地与迁移基线.md","document","13f52b485886017c9906726740b03869c7390f28afae4d7ae2c54c848053a5f8"
"文档/项目/AI面试教练/归档/架构/若依迁移计划.md","文档/项目/面试项目/归档/架构/若依迁移计划.md","document","2b9260e765d6fceab8afa388c3f3d48eed6f0a8354d7729f6daf4a8eadeb6fcf"
"文档/项目/AI面试教练/归档/环境配置/开发环境准备.md","文档/项目/面试项目/归档/环境配置/开发环境准备.md","document","a02bb5bd6e0060906e4823754ec6f5a7e855034da3635391fcd9113832014cd9"
"文档/项目/AI面试教练/归档/规范/规格-后台管理端-若依Vue3.md","文档/项目/面试项目/归档/规范/规格-后台管理端-若依Vue3.md","document","03f4b9e533387bab6e2ae733cf5313839a159c5628cde4e728f39f654ca198f1"
"文档/项目/AI面试教练/归档/规范/规格-后端统一网关层.md","文档/项目/面试项目/归档/规范/规格-后端统一网关层.md","document","192cb5d5ea2cfa079ba2d613e79b780fb8240e63f429d56c11ecfa84175f6686"
"文档/项目/AI面试教练/归档/规范/规格-用户前台-PC与H5.md","文档/项目/面试项目/归档/规范/规格-用户前台-PC与H5.md","document","1af9c3ec2cbe5c0a1b165e39146cbdd7e685c4ca5d35a47fc9542fbca5e22ab7"
"文档/项目/AI面试教练/归档/规范/规格-移动端-uni-app-Vue3.md","文档/项目/面试项目/归档/规范/规格-移动端-uni-app-Vue3.md","document","9c5145e996a41bc292d900139978934788e33b5224e59020d667805881328030"
"文档/项目/AI面试教练/归档/评审/产品全量审计与权威规格恢复候选.md","文档/项目/面试项目/归档/评审/产品全量审计与权威规格恢复候选.md","document","1842497631f54c621346767184b7e5e4f481542da669fb4d0e59c6fc01ae303b"
"文档/项目/AI面试教练/归档/阶段/README.md","文档/项目/面试项目/归档/阶段/README.md","document","21d13505a30dc5259260aeb2574a9b1b58f4cc1aba66ee2b83bc504c3674083e"
"文档/项目/AI面试教练/归档/阶段/代码落地完整性与开发就绪审查.md","文档/项目/面试项目/归档/阶段/代码落地完整性与开发就绪审查.md","document","5fac455b24ac70e8ddc354738dfe0d8ab45179883668567b0242973682f5d863"
"文档/项目/AI面试教练/归档/阶段/依赖覆盖与负责人矩阵.md","文档/项目/面试项目/归档/阶段/依赖覆盖与负责人矩阵.md","document","d84945e65c5bf1f0ee7749368a6fb365cd04059428db03d91884596a0ec3db4d"
"文档/项目/AI面试教练/归档/阶段/十八期路线审查清单.md","文档/项目/面试项目/归档/阶段/十八期路线审查清单.md","document","dc74037b4600c6b24c6ec0c8e9031dc7e70be26011fda1f57e80b105bc140f7f"
"文档/项目/AI面试教练/归档/阶段/多窗口并行开发计划.md","文档/项目/面试项目/归档/阶段/多窗口并行开发计划.md","document","87bcaa11899794b560229b75fd7ca0fb2a2c7d907678e5a3cd58ddbbe174177e"
"文档/项目/AI面试教练/归档/阶段/完整编码目标控制.md","文档/项目/面试项目/归档/阶段/完整编码目标控制.md","document","103096efefb7802dd2f3774f4b94849c2b0f57a74060cc5039c6d62484fbbdd5"
"文档/项目/AI面试教练/归档/阶段/就绪定义验证与验收计划.md","文档/项目/面试项目/归档/阶段/就绪定义验证与验收计划.md","document","f352e1efd2396085b20f07454a5266eb4ed937f95c5b16170fc9997dca917624"
"文档/项目/AI面试教练/归档/阶段/技术架构审查与边界深化.md","文档/项目/面试项目/归档/阶段/技术架构审查与边界深化.md","document","ad51744c961185e27c15c9cea2d825992251ac907871457813c1295e2c6ea72e"
"文档/项目/AI面试教练/归档/阶段/窗口提示词/README.md","文档/项目/面试项目/归档/阶段/窗口提示词/README.md","document","39025a01db052037b04dc4c5258b404fc29ff3056fb477025dfd4e7cb5d6a7a1"
"文档/项目/AI面试教练/归档/阶段/窗口提示词/窗口00-协调与冲突控制.md","文档/项目/面试项目/归档/阶段/窗口提示词/窗口00-协调与冲突控制.md","document","0e4a908d55b07602e83a49766cbb47a73b34fe67d2e026b9f484e79ade27e064"
"文档/项目/AI面试教练/归档/阶段/窗口提示词/窗口01-门禁决策提案.md","文档/项目/面试项目/归档/阶段/窗口提示词/窗口01-门禁决策提案.md","document","e985f1fb065877e6f56d79eec21410c470d9c086872eeec9920018bbab56d851"
"文档/项目/AI面试教练/归档/阶段/窗口提示词/窗口02-探索性原型.md","文档/项目/面试项目/归档/阶段/窗口提示词/窗口02-探索性原型.md","document","ba0596af3e5441671edac941d5965e96a4390784123055d63fe26ef67f3c28d7"
"文档/项目/AI面试教练/归档/阶段/窗口提示词/窗口03-数据接口状态与时序契约.md","文档/项目/面试项目/归档/阶段/窗口提示词/窗口03-数据接口状态与时序契约.md","document","18039e7f79df83b315ad6acb5b4372f4f82c88c9b1f2adee5e52d83bb0156bc6"
"文档/项目/AI面试教练/归档/阶段/窗口提示词/窗口04-就绪定义验证与验收设计.md","文档/项目/面试项目/归档/阶段/窗口提示词/窗口04-就绪定义验证与验收设计.md","document","5556492c7acf8f67c97b11adcc30345c96b015938794b59880ef29513decffc7"
"文档/项目/AI面试教练/归档/阶段/窗口提示词/窗口05-功能控制页任务与执行包.md","文档/项目/面试项目/归档/阶段/窗口提示词/窗口05-功能控制页任务与执行包.md","document","4f9089a3227323dc25d8c75b96fbdc7cd5abc9581398e054bc7527ed177dccd2"
"文档/项目/AI面试教练/归档/阶段/窗口提示词/窗口10-共享脚手架与版本协调.md","文档/项目/面试项目/归档/阶段/窗口提示词/窗口10-共享脚手架与版本协调.md","document","9b3f65e849c807dd6168065865766decf66776fc5152300d40c61e9eaafb851e"
"文档/项目/AI面试教练/归档/阶段/窗口提示词/窗口11-领域与应用层.md","文档/项目/面试项目/归档/阶段/窗口提示词/窗口11-领域与应用层.md","document","07c195b95008274da82a721f6699d73a8cade7916e47f641e564bbe988c0b4d2"
"文档/项目/AI面试教练/归档/阶段/窗口提示词/窗口12-适配器与启动层.md","文档/项目/面试项目/归档/阶段/窗口提示词/窗口12-适配器与启动层.md","document","b5be215d68ba036b7c6f8cc2fea408fb7439a565c89a93f4b09632b4700bc543"
"文档/项目/AI面试教练/归档/阶段/窗口提示词/窗口13-前端壳.md","文档/项目/面试项目/归档/阶段/窗口提示词/窗口13-前端壳.md","document","68d1a20976609da60adc3822a7da0746eeb7a73a5d6f4805e612ec3fd57b2cd0"
"文档/项目/AI面试教练/归档/阶段/窗口提示词/窗口14-契约与测试支持.md","文档/项目/面试项目/归档/阶段/窗口提示词/窗口14-契约与测试支持.md","document","567f81973058e133dc3e2a4eab8626030abc6de85f73fa93173954b29313a8d5"
"文档/项目/AI面试教练/归档/阶段/窗口提示词/窗口15-集成只读审查.md","文档/项目/面试项目/归档/阶段/窗口提示词/窗口15-集成只读审查.md","document","485008711597507aeebdb13ad4cba44074a293d50296d946fd60ae426f4a94cf"
"文档/项目/AI面试教练/归档/阶段/窗口提示词/窗口20-第3波协调与冲突控制.md","文档/项目/面试项目/归档/阶段/窗口提示词/窗口20-第3波协调与冲突控制.md","document","8ddef8fec5b8d96e9e0dc5493c984d130ab9c6a740f26c7d0cb286542fbb2d94"
"文档/项目/AI面试教练/归档/阶段/窗口提示词/窗口21-评测报告与学习.md","文档/项目/面试项目/归档/阶段/窗口提示词/窗口21-评测报告与学习.md","document","4d318ea2d411308565e022724b4bb8f57843d4aeddd5e9460804aa11592c915d"
"文档/项目/AI面试教练/归档/阶段/窗口提示词/窗口22-持久化与数据库迁移.md","文档/项目/面试项目/归档/阶段/窗口提示词/窗口22-持久化与数据库迁移.md","document","cdc18f34e14839f08b2ab1d04fb235066ba1620e4b6fb552371311f9e2e1392d"
"文档/项目/AI面试教练/归档/阶段/窗口提示词/窗口23-核心应用服务.md","文档/项目/面试项目/归档/阶段/窗口提示词/窗口23-核心应用服务.md","document","1f136f57df6cb65207677294e9c2f0602e18379801341efcf216c4af6880143e"
"文档/项目/AI面试教练/归档/阶段/窗口提示词/窗口24-REST-SSE-WebSocket适配器.md","文档/项目/面试项目/归档/阶段/窗口提示词/窗口24-REST-SSE-WebSocket适配器.md","document","43b43d28c491245625e6400746c26f6c6d2a066527715a6807eacaca42b781cf"
"文档/项目/AI面试教练/归档/阶段/窗口提示词/窗口25-前端契约对齐.md","文档/项目/面试项目/归档/阶段/窗口提示词/窗口25-前端契约对齐.md","document","104945cf79080b277b74e79ef7ca1103cf003764f25ba1938032bbd552fb5ba2"
"文档/项目/AI面试教练/归档/阶段/窗口提示词/窗口26-集成静态审查.md","文档/项目/面试项目/归档/阶段/窗口提示词/窗口26-集成静态审查.md","document","0989173e4b36d2e2cf58c2552184fb2638e984c71e795ee5f99fb8a9641e3b02"
"文档/项目/AI面试教练/归档/阶段/窗口提示词/窗口27-评测报告学习契约收口.md","文档/项目/面试项目/归档/阶段/窗口提示词/窗口27-评测报告学习契约收口.md","document","a44676a588f193ad38b8963ea04de9100fa6467532fd28ce7b6f5ff61118f813"
"文档/项目/AI面试教练/归档/阶段/窗口提示词/窗口28-面试快照与语音答案原子收口.md","文档/项目/面试项目/归档/阶段/窗口提示词/窗口28-面试快照与语音答案原子收口.md","document","7f134b3c31974a4ba9ef807e8595603526a75a3eb77f5a039e0ec1a7c5194d92"
"文档/项目/AI面试教练/归档/阶段/窗口提示词/窗口29-启动会话安全与组件装配.md","文档/项目/面试项目/归档/阶段/窗口提示词/窗口29-启动会话安全与组件装配.md","document","d7612ce29c123dd38810971856fe80dc09514e7aa6fe50fbfefc4592e8fdac9e"
"文档/项目/AI面试教练/归档/阶段/窗口提示词/窗口30-持久化契约回填.md","文档/项目/面试项目/归档/阶段/窗口提示词/窗口30-持久化契约回填.md","document","148800c50bda4f6e9faa9e48ffb79c948ba89202009c29cacfe31ae0c55140f5"
"文档/项目/AI面试教练/归档/阶段/窗口提示词/窗口31-核心应用边界与幂等收口.md","文档/项目/面试项目/归档/阶段/窗口提示词/窗口31-核心应用边界与幂等收口.md","document","d4dc4c8d26b42a4dcc496362dfbd6d5cf22b58e1255727c03783337235f54cfb"
"文档/项目/AI面试教练/归档/阶段/窗口提示词/窗口32-持久化SSE流与重放.md","文档/项目/面试项目/归档/阶段/窗口提示词/窗口32-持久化SSE流与重放.md","document","223c209bd7c84ba9c7a7cc79572e2e6689bf053ed599af4cfae446d87b132c7c"
"文档/项目/AI面试教练/归档/阶段/窗口提示词/窗口33-第4波协调与目录租约.md","文档/项目/面试项目/归档/阶段/窗口提示词/窗口33-第4波协调与目录租约.md","document","a4492c43484a4b1dc35355df491329b29659e86cc08e8682940dd42070e8b3d1"
"文档/项目/AI面试教练/归档/阶段/窗口提示词/窗口34-入站公共与安全基础.md","文档/项目/面试项目/归档/阶段/窗口提示词/窗口34-入站公共与安全基础.md","document","b7c62464f5c66cd586c354efac97ca684e996bed8db5a0bb6ced105ff1078d94"
"文档/项目/AI面试教练/归档/阶段/窗口提示词/窗口35-REST身份题库与练习.md","文档/项目/面试项目/归档/阶段/窗口提示词/窗口35-REST身份题库与练习.md","document","c51044db7063e3574ab35d30481b86cb182ec9f693138dfc258cee06c56d90ba"
"文档/项目/AI面试教练/归档/阶段/窗口提示词/窗口36-REST面试与语音.md","文档/项目/面试项目/归档/阶段/窗口提示词/窗口36-REST面试与语音.md","document","10ee81354e42f244c3ff8b05f1f4f6ee5052f898b9b8d02aaf0e9a2d86cd8194"
"文档/项目/AI面试教练/归档/阶段/窗口提示词/窗口37-REST评测报告与学习.md","文档/项目/面试项目/归档/阶段/窗口提示词/窗口37-REST评测报告与学习.md","document","024b4d81af6c6c88e900319b40c30ccb9ec7e6fb243d92ff70a093e6d6a53219"
"文档/项目/AI面试教练/归档/阶段/窗口提示词/窗口38-REST计费治理与运营.md","文档/项目/面试项目/归档/阶段/窗口提示词/窗口38-REST计费治理与运营.md","document","41958af4511e110ede1e616d4ee6c9b33e59eb86adc7d169e3870726e1b83ebb"
"文档/项目/AI面试教练/归档/阶段/窗口提示词/窗口39-SSE持久重放.md","文档/项目/面试项目/归档/阶段/窗口提示词/窗口39-SSE持久重放.md","document","e5ad031caad294dcf35596b549a38ae4fae017816456b7db6f64394469429e43"
"文档/项目/AI面试教练/归档/阶段/窗口提示词/窗口40-WebSocket语音协议.md","文档/项目/面试项目/归档/阶段/窗口提示词/窗口40-WebSocket语音协议.md","document","96353fbca8b23ad41fc0dbebe0fe8ee6cc7e25dcea79265462e82a77ea585e4e"
"文档/项目/AI面试教练/归档/阶段/窗口提示词/窗口41-前端共享基础.md","文档/项目/面试项目/归档/阶段/窗口提示词/窗口41-前端共享基础.md","document","8970b0db7985099b614b20ac942922e8abdc0b115d3d8973565d3e073c2b3a82"
"文档/项目/AI面试教练/归档/阶段/窗口提示词/窗口42-前端身份题库练习与状态.md","文档/项目/面试项目/归档/阶段/窗口提示词/窗口42-前端身份题库练习与状态.md","document","8e845e189f482a11f28b93f001bf118693a661164d84a02b5d5d852616fc89d7"
"文档/项目/AI面试教练/归档/阶段/窗口提示词/窗口43-前端面试与语音.md","文档/项目/面试项目/归档/阶段/窗口提示词/窗口43-前端面试与语音.md","document","5440ee6e59173d342e5d33d8aeba40848a09a37f182620162d0f696a3d52e515"
"文档/项目/AI面试教练/归档/阶段/窗口提示词/窗口44-前端评测学习计费隐私与管理.md","文档/项目/面试项目/归档/阶段/窗口提示词/窗口44-前端评测学习计费隐私与管理.md","document","b720ed1e03872d14c7d5d3f414dd8672a28a9f02967a6717e21ad55bc406e7da"
"文档/项目/AI面试教练/归档/阶段/窗口提示词/窗口45-入站集成收口.md","文档/项目/面试项目/归档/阶段/窗口提示词/窗口45-入站集成收口.md","document","65e7572b200b1d09005bf9cd501a0fecf00c5444ff329fe327b722913c183855"
"文档/项目/AI面试教练/归档/阶段/窗口提示词/窗口46-前端集成收口.md","文档/项目/面试项目/归档/阶段/窗口提示词/窗口46-前端集成收口.md","document","82901eacecdae796249fc00a8175b50ec80fd8ecf12e05a1699e0e5015abefea"
"文档/项目/AI面试教练/归档/阶段/窗口提示词/窗口47-启动会话安全与组件装配.md","文档/项目/面试项目/归档/阶段/窗口提示词/窗口47-启动会话安全与组件装配.md","document","88e40cb7e92c35f132b07b8c7308c5d70dcdc38a4c7829a442896dd74db8cce6"
"文档/项目/AI面试教练/归档/阶段/窗口提示词/窗口48-第4波集成静态审查.md","文档/项目/面试项目/归档/阶段/窗口提示词/窗口48-第4波集成静态审查.md","document","a77499d5c0e32026d103093064cef0dd6442a58b2c693ca31fa3e5ad8c6f4794"
"文档/项目/AI面试教练/归档/阶段/窗口提示词/窗口49-若依语音运行链路收口.md","文档/项目/面试项目/归档/阶段/窗口提示词/窗口49-若依语音运行链路收口.md","document","4d5f98f2c99192b0159cc0c2867b87b877459d892709ebdcaf128c32bb930dd6"
"文档/项目/AI面试教练/归档/阶段/窗口提示词/窗口50-若依语音运行链路剩余收口.md","文档/项目/面试项目/归档/阶段/窗口提示词/窗口50-若依语音运行链路剩余收口.md","document","1fd5df4806def0e97a5aca5c49f0aa57d2f0e69f0cb726f5ef2f478800bc8ecb"
"文档/项目/AI面试教练/归档/阶段/窗口提示词/第3波代码落地多窗口提示词索引.md","文档/项目/面试项目/归档/阶段/窗口提示词/第3波代码落地多窗口提示词索引.md","document","f7206085b79a7664a2f3ea98f76bd39477a3bd789fff44fefd89fb86eb02efb8"
"文档/项目/AI面试教练/归档/阶段/窗口提示词/第4波入站与前端落地多窗口提示词索引.md","文档/项目/面试项目/归档/阶段/窗口提示词/第4波入站与前端落地多窗口提示词索引.md","document","1056b30348324a9636782cd22f0939277dd3ff17ca684109dc6d69b07b76ec4b"
"文档/项目/AI面试教练/归档/阶段/第01期-独立工程契约与模块边界地基.md","文档/项目/面试项目/归档/阶段/第01期-独立工程契约与模块边界地基.md","document","8a630ec1c58cf1e16f149dc095d58d377be1ae40cc0534bac3443069354c9868"
"文档/项目/AI面试教练/归档/阶段/第02期-服务商语音结构化输出与标准集风险验证.md","文档/项目/面试项目/归档/阶段/第02期-服务商语音结构化输出与标准集风险验证.md","document","8a70fd8a89141946cc0dd8706a79475cce3c92bfb0c039d501fe765d65237ede"
"文档/项目/AI面试教练/归档/阶段/第03期-身份租户与同意基线.md","文档/项目/面试项目/归档/阶段/第03期-身份租户与同意基线.md","document","29a27be215975b72957e86acbaf7ae4fb454ffa06d1416bfcf53397c61e1774b"
"文档/项目/AI面试教练/归档/阶段/第04期-版本化题库与内容发布.md","文档/项目/面试项目/归档/阶段/第04期-版本化题库与内容发布.md","document","14440ded41177d41deed17a92b5e59adb9476e0c00d12f6697fb8303b00300f8"
"文档/项目/AI面试教练/归档/阶段/第05期-文本单题练习.md","文档/项目/面试项目/归档/阶段/第05期-文本单题练习.md","document","2df7f6a31790b74f16329853525b8c2502eec3b90ddc932c4f286f03f5fa3422"
"文档/项目/AI面试教练/归档/阶段/第06期-服务商接口与单题证据反馈.md","文档/项目/面试项目/归档/阶段/第06期-服务商接口与单题证据反馈.md","document","0e1f6e25f379d382680cbf8375bddec02f2e2f9a63cd572f608151c4f663a1b1"
"文档/项目/AI面试教练/归档/阶段/第07期-权益预检与面试计划.md","文档/项目/面试项目/归档/阶段/第07期-权益预检与面试计划.md","document","7a8c9838311d1370f38f6f23ab68f90905b4ba2d70d0d71e85f7ee2d58dc8e01"
"文档/项目/AI面试教练/归档/阶段/第08期-会话状态事务发件箱任务与恢复地基.md","文档/项目/面试项目/归档/阶段/第08期-会话状态事务发件箱任务与恢复地基.md","document","2c1dcd6a516e13f37f3c2598ac3d8295c0770feef520422a79d4edb95709329b"
"文档/项目/AI面试教练/归档/阶段/第09期-文本面试智能体闭环.md","文档/项目/面试项目/归档/阶段/第09期-文本面试智能体闭环.md","document","aca921b9526ae21345b0eb62d1d9d696d162b93ff2d50cbb35983e4a35f04f83"
"文档/项目/AI面试教练/归档/阶段/第10期-评测报告与质量门.md","文档/项目/面试项目/归档/阶段/第10期-评测报告与质量门.md","document","7429d1071721bb861c431cba7362c0a73065bf15ad13f36bb442431c31b0a90c"
"文档/项目/AI面试教练/归档/阶段/第11期-学习教练复练与看板.md","文档/项目/面试项目/归档/阶段/第11期-学习教练复练与看板.md","document","0ffc14791f989b4a2f3e413f91951816ab8b610fec3229edfca2c6b68862a12b"
"文档/项目/AI面试教练/归档/阶段/第12期-音频语音识别与转写确认.md","文档/项目/面试项目/归档/阶段/第12期-音频语音识别与转写确认.md","document","44666aefb68edb0099ffaecafcc4f635d6a32b9f324e1994e16269479490e3b5"
"文档/项目/AI面试教练/归档/阶段/第13期-级联语音面试闭环.md","文档/项目/面试项目/归档/阶段/第13期-级联语音面试闭环.md","document","7a37c2afd764ebf5a049d7386f94c81af4a2afc32cf0be098048adf248d1568a"
"文档/项目/AI面试教练/归档/阶段/第14期-多实例韧性缓存恢复与功能开关.md","文档/项目/面试项目/归档/阶段/第14期-多实例韧性缓存恢复与功能开关.md","document","7ab0d94452b8f38b0a623bc1177e0c40709d873d52eb3f987fdd9807ca3db603"
"文档/项目/AI面试教练/归档/阶段/第15期-隐私删除管理员权限与审计.md","文档/项目/面试项目/归档/阶段/第15期-隐私删除管理员权限与审计.md","document","6f5dd3aca35f84ee21478c758af43400ff8517029999596158bbbf602c2244fb"
"文档/项目/AI面试教练/归档/阶段/第16期-订单支付额度结算与成本账本.md","文档/项目/面试项目/归档/阶段/第16期-订单支付额度结算与成本账本.md","document","517634482085b2cfb8193e65834773eaf69e17fc862b6274ab46bb609c1b98df"
"文档/项目/AI面试教练/归档/阶段/第17期-生产运维监控备份与回滚准备.md","文档/项目/面试项目/归档/阶段/第17期-生产运维监控备份与回滚准备.md","document","1800bc7dfeae6b74051f19f8f1ef9481413beacc4b56eab3f59fad04ff12d9d1"
"文档/项目/AI面试教练/归档/阶段/第18期-系统审查浏览器验收与上线就绪.md","文档/项目/面试项目/归档/阶段/第18期-系统审查浏览器验收与上线就绪.md","document","b47b7a664480cf0531c8985d80188e8275e4196b6fabc3720004fb15f18af4b1"
"文档/项目/AI面试教练/归档/阶段/第19期-若依身份与后端单体收敛.md","文档/项目/面试项目/归档/阶段/第19期-若依身份与后端单体收敛.md","document","e26d349ed95266d130d0003c561ea224c090f9337b896cb21a160be8da41d3cf"
"文档/项目/AI面试教练/归档/阶段/计划文件结构蓝图.md","文档/项目/面试项目/归档/阶段/计划文件结构蓝图.md","document","b753918f75006d47e39041bf1dc7ca81039e95ef43ee19e0c7a9a000da125f58"
"文档/项目/AI面试教练/架构/README.md","文档/项目/面试项目/架构/README.md","document","f04a35dc5d5f3d08352c68f7339b4a11ef03642a3d89ca894664dfdb8de1f4d4"
"文档/项目/AI面试教练/架构/商业语音面试智能体与接口设计.md","文档/项目/面试项目/架构/商业语音面试智能体与接口设计.md","document","85ef339d7f128db7981d66dfd835ca9e50e5607947e85798d1f9b1e0b47f8f1b"
"文档/项目/AI面试教练/架构/商业面试契约/asyncapi.json","文档/项目/面试项目/架构/商业面试契约/asyncapi.json","document","6246f219bca2950543779d79d463e69c69fcb88fe8eb25c10b30b59c3cdc5cfa"
"文档/项目/AI面试教练/架构/商业面试契约/openapi.json","文档/项目/面试项目/架构/商业面试契约/openapi.json","document","b0dc0a74d1d57111ea96414d985f478ceb88b26df8f815d50db8e8318d65ebfb"
"文档/项目/AI面试教练/架构/商业面试契约/schemas.json","文档/项目/面试项目/架构/商业面试契约/schemas.json","document","687cb08be584e7f2e84c389195130efa1dfd3815d17bc61191758b7fe2bb07ae"
"文档/项目/AI面试教练/架构/若依平台收敛设计.md","文档/项目/面试项目/架构/若依集成/若依身份与后端单体收敛设计.md","document","523ba3cdc210a34414ca2b6ae0d863ed5852c731ba80df31304ba0bd3bec9f56"
"文档/项目/AI面试教练/架构/若依题库与语音面试收敛方案.md","文档/项目/面试项目/归档/架构/若依集成/若依题库与语音面试收敛方案-第二版.md","document","6f0a875608a4d3c13b7f17f122480de6548166b2b83c4b5b70891e61f04a6c79"
"文档/项目/AI面试教练/许可/若依Vue3上游评审报告.md","文档/项目/面试项目/归档/许可/若依Vue3上游评审报告.md","document","6b0eeea16d6f6612f4826d6e05864d96ba0a69eef56523880bed2cd3c4ce1ad2"
"文档/项目/AI面试教练/调研/2026-09-07-商业语音面试双智能体方案讨论.md","文档/项目/面试项目/调研/2026-09-07-商业语音面试双智能体方案讨论.md","document","1e1ccb9380a95e8946cb1d4b45c8535291b418448828d3f687003562b7de2d83"
"文档/项目/AI面试教练/调研/2026-09-08-商业语音面试全流程审阅.md","文档/项目/面试项目/调研/2026-09-08-商业语音面试全流程审阅.md","document","9ea83b7cf6e4bb594f2429fea7cd006ed6351795e1cf6b8ab160b296e8e5e6be"
"文档/项目/AI面试教练/调研/README.md","文档/项目/面试项目/调研/README.md","document","051965e3d00dea8b74cce06c53804b4512789f6e58167f1201aa3895ed5deba8"
"文档/项目/README.md","文档/归档/调研/三个业务项目市场与竞品调研索引.md","document","88a2a71edd57d355d891ea32242aaa7bcf1c5d662d40d71a9fb0bea4394d6c63"
